benchmark,k,R2(W~U|X),"R2(Y~U|W,X)",adjusted estimate,ci_low,ci_high
1x age,1,0.0136,0.0346,3.086,2.2355,3.9364
2x age,2,0.0272,0.0692,2.704,1.8631,3.5449
3x age,3,0.0409,0.1038,2.3164,1.4854,3.1473
1x cigarettes/day,1,0.0235,0.0012,3.3701,2.5007,4.2395
2x cigarettes/day,2,0.0469,0.0024,3.2752,2.3957,4.1547
3x cigarettes/day,3,0.0704,0.0036,3.1778,2.2878,4.0678
1x weight 1971,1,0.0018,0.0419,3.3141,2.4719,4.1562
2x weight 1971,2,0.0035,0.0839,3.1652,2.341,3.9895
3x weight 1971,3,0.0053,0.1258,3.0161,2.2103,3.822
